2025_10_14_10_35_03_trial_1_TC_regions_1111_388_1355_1335,[]
2025_10_14_10_25_19_trial_1_TC_regions_1072_463_1341_1389,[]
2025_10_14_10_25_19_trial_1_TC_regions_1084_452_1329_1375,[]
2025_10_14_10_25_19_trial_1_TC_regions_117_458_362_1397,[]
2025_10_14_10_25_19_trial_1_TC_regions_1333_453_1564_1391,[]
2025_10_14_10_25_19_trial_1_TC_regions_375_468_599_1397,[]
2025_10_14_10_25_19_trial_1_TC_regions_604_461_854_1394,[]
2025_10_14_10_25_19_trial_1_TC_regions_846_461_1086_1397,[]
2025_10_14_10_35_03_trial_1_TC_regions_1111_388_1355_1335,[]
2025_10_14_10_35_03_trial_1_TC_regions_1350_394_1568_1338,[]
2025_10_14_10_35_03_trial_1_TC_regions_153_425_395_1367,[]
2025_10_14_10_35_03_trial_1_TC_regions_390_425_624_1364,[]
2025_10_14_10_35_03_trial_1_TC_regions_635_407_866_1364,[]
2025_10_14_10_35_03_trial_1_TC_regions_866_391_1105_1370,[]
2025_10_14_14_13_15_trial_1_TC_regions_1105_409_1358_1356,[]
2025_10_14_14_13_15_trial_1_TC_regions_1361_417_1589_1350,[]
2025_10_14_14_13_15_trial_1_TC_regions_879_420_1103_1364,[]
2025_10_14_14_13_15_trial_1_TC_regions_611_428_871_1374,[]
2025_10_14_14_13_15_trial_1_TC_regions_393_436_637_1361,[]
2025_10_14_14_13_15_trial_1_TC_regions_159_443_387_1385,[]
2025_10_14_14_13_15_trial_1_TC_regions_879_420_1103_1364,[]
2025_10_14_14_13_15_trial_1_TC_regions_611_428_871_1374,[]
2025_10_14_14_13_15_trial_1_TC_regions_393_436_637_1361,[]
2025_10_14_14_13_15_trial_1_TC_regions_159_443_387_1385,[]
2025_10_14_14_25_09_trial_1_TC_regions_262_414_491_1380,[]
2025_10_14_14_25_09_trial_1_TC_regions_483_436_728_1380,[]
2025_10_14_14_25_09_trial_1_TC_regions_717_420_956_1364,[]
2025_10_14_14_25_09_trial_1_TC_regions_964_414_1206_1342,[]
2025_10_14_14_25_09_trial_1_TC_regions_1198_417_1451_1374,[]
2025_10_14_14_25_09_trial_1_TC_regions_1456_412_1677_1358,[]
2025_10_15_10_09_28_trial_1_TC_regions_81_404_310_1346,[]
2025_10_15_10_09_28_trial_1_TC_regions_315_407_573_1341,[]
2025_10_15_10_09_28_trial_1_TC_regions_558_420_802_1362,[]
2025_10_15_10_09_28_trial_1_TC_regions_797_418_1047_1346,[]
2025_10_15_10_09_28_trial_1_TC_regions_1031_420_1297_1367,[]
2025_10_15_10_09_28_trial_1_TC_regions_1270_423_1528_1367,[]
2025_10_15_14_16_21_trial_1_TC_regions_83_296_304_1250,[]
2025_10_15_14_16_21_trial_1_TC_regions_322_293_554_1245,[]
2025_10_15_14_16_21_trial_1_TC_regions_559_293_793_1242,[]
2025_10_15_14_16_21_trial_1_TC_regions_804_309_1030_1248,[]
2025_10_15_14_16_21_trial_1_TC_regions_1030_309_1274_1234,[]
2025_10_15_14_16_21_trial_1_TC_regions_1272_301_1503_1227,[]
2025_10_16_09_59_15_trial_1_TC_regions_240_303_487_1236,[]
2025_10_16_09_59_15_trial_1_TC_regions_493_295_735_1218,[]
2025_10_16_09_59_15_trial_1_TC_regions_745_287_974_1205,[]
2025_10_16_09_59_15_trial_1_TC_regions_969_279_1216_1202,[]
2025_10_16_09_59_15_trial_1_TC_regions_1205_263_1461_1197,[]
2025_10_16_09_59_15_trial_1_TC_regions_1450_263_1676_1181,[]
2025_10_16_14_12_17_trial_1_TC_regions_246_450_488_1365,[]
2025_10_16_14_12_17_trial_1_TC_regions_488_448_730_1357,[]
2025_10_16_14_12_17_trial_1_TC_regions_733_437_970_1360,[]
2025_10_16_14_12_17_trial_1_TC_regions_972_434_1212_1360,[]
2025_10_16_14_12_17_trial_1_TC_regions_1215_432_1449_1368,[]
2025_10_16_14_12_17_trial_1_TC_regions_1449_426_1696_1357,[]
2025_10_17_10_05_03_trial_1_TC_regions_191_361_382_1324,[]
2025_10_17_10_05_03_trial_1_TC_regions_385_374_630_1321,[]
2025_10_17_10_05_03_trial_1_TC_regions_627_371_885_1316,[]
2025_10_17_10_05_03_trial_1_TC_regions_880_382_1138_1324,[]
2025_10_17_10_05_03_trial_1_TC_regions_1117_390_1375_1321,[]
2025_10_17_10_05_03_trial_1_TC_regions_1369_393_1590_1316,[]
2025_10_17_14_18_23_trial_1_TC_regions_155_457_378_1390,[]
2025_10_17_14_18_23_trial_1_TC_regions_394_441_615_1385,[]
2025_10_17_14_18_23_trial_1_TC_regions_642_422_873_1369,[]
2025_10_17_14_18_23_trial_1_TC_regions_878_422_1110_1372,[]
2025_10_17_14_18_23_trial_1_TC_regions_1102_417_1362_1353,[]
2025_10_17_14_18_23_trial_1_TC_regions_1357_409_1591_1361,[]
2025_10_17_10_05_03_trial_1_TC_regions_176_379_405_1288,[]
2025_10_17_10_05_03_trial_1_TC_regions_652_389_881_1309,[]
2025_10_17_10_05_03_trial_1_TC_regions_1141_387_1359_1320,[]
2025_10_17_10_05_03_trial_1_TC_regions_407_379_647_1309,[]
2025_10_17_10_05_03_trial_1_TC_regions_878_387_1117_1320,[]
2025_10_17_10_05_03_trial_1_TC_regions_1373_384_1580_1323,[]
2025_10_17_14_45_34_trial_1_TP_regions_1330_492_1575_1433,[],[]
2025_10_17_14_45_34_trial_1_TP_regions_1088_486_1349_1412,[],[]
2025_10_17_14_45_34_trial_1_TP_regions_838_468_1101_1407,[],[]
2025_10_17_14_45_34_trial_1_TP_regions_609_468_857_1393,[],[]
2025_10_17_14_45_34_trial_1_TP_regions_367_460_617_1393,[],[]
2025_10_17_14_45_34_trial_1_TP_regions_125_454_383_1391,[],[]
2025_10_16_10_24_06_trial_1_TP_regions_1375_425_1604_1364,[],[]
2025_10_16_10_24_06_trial_1_TP_regions_1120_417_1375_1361,[],[]
2025_10_16_10_24_06_trial_1_TP_regions_899_427_1147_1350,[],[]
2025_10_16_10_24_06_trial_1_TP_regions_657_404_886_1358,[],[]
2025_10_16_10_24_06_trial_1_TP_regions_413_420_649_1358,[],[]
2025_10_16_10_24_06_trial_1_TP_regions_179_393_410_1356,[],[]
2025_10_14_10_47_52_trial_1_TP_regions_1289_569_1507_1494,[],[]
2025_10_14_10_47_52_trial_1_TP_regions_1042_571_1302_1492,[],[]
2025_10_14_10_47_52_trial_1_TP_regions_802_563_1066_1489,[],[]
2025_10_14_10_47_52_trial_1_TP_regions_563_558_813_1484,[],[]
2025_10_14_10_47_52_trial_1_TP_regions_318_545_574_1492,[],[]
2025_10_14_10_47_52_trial_1_TP_regions_81_542_316_1478,[],[]
2025_10_14_14_35_32_trial_1_TP_regions_1093_428_1336_1356,[],[]
2025_10_14_14_35_32_trial_1_TP_regions_1341_417_1580_1343,[],[]
2025_10_14_14_35_32_trial_1_TP_regions_147_468_383_1396,[],[]
2025_10_14_14_35_32_trial_1_TP_regions_391_473_620_1393,[],[]
2025_10_14_14_35_32_trial_1_TP_regions_615_441_862_1375,[],[]
2025_10_14_14_35_32_trial_1_TP_regions_859_449_1104_1380,[],[]
2025_10_16_14_48_01_trial_1_TP_regions_1014_431_1216_1383,[],[]
2025_10_16_14_48_01_trial_1_TP_regions_1234_454_1474_1380,[],[]
2025_10_16_14_48_01_trial_1_TP_regions_1466_460_1697_1377,[],[]
2025_10_16_14_48_01_trial_1_TP_regions_277_441_503_1364,[],[]
2025_10_16_14_48_01_trial_1_TP_regions_522_436_745_1377,[],[]
2025_10_16_14_48_01_trial_1_TP_regions_764_436_987_1385,[],[]
2025_10_15_10_37_01_trial_1_TP_regions_1128_250_1357_1202,[],[]
2025_10_15_10_37_01_trial_1_TP_regions_1378_261_1591_1189,[],[]
2025_10_15_10_37_01_trial_1_TP_regions_187_258_397_1197,[],[]
2025_10_15_10_37_01_trial_1_TP_regions_418_271_655_1194,[],[]
2025_10_15_10_37_01_trial_1_TP_regions_668_250_870_1194,[],[]
2025_10_15_10_37_01_trial_1_TP_regions_907_263_1112_1199,[],[]
2025_10_15_14_43_14_trial_1_TP_regions_1136_366_1389_1307,[],[]
2025_10_15_14_43_14_trial_1_TP_regions_1375_358_1588_1310,[],[]
2025_10_15_14_43_14_trial_1_TP_regions_184_360_410_1315,[],[]
2025_10_15_14_43_14_trial_1_TP_regions_426_355_655_1307,[],[]
2025_10_15_14_43_14_trial_1_TP_regions_668_360_897_1294,[],[]
2025_10_15_14_43_14_trial_1_TP_regions_915_358_1131_1305,[],[]
2025_10_17_10_34_57_trial_1_TP_regions_1032_478_1240_1419,[],[]
2025_10_17_10_34_57_trial_1_TP_regions_1258_486_1479_1411,[],[]
2025_10_17_10_34_57_trial_1_TP_regions_1487_478_1719_1409,[],[]
2025_10_17_10_34_57_trial_1_TP_regions_285_494_535_1419,[],[]
2025_10_17_10_34_57_trial_1_TP_regions_538_478_777_1438,[],[]
2025_10_17_10_34_57_trial_1_TP_regions_772_483_1006_1427,[],[]
2025_10_14_11_00_58_trial_1_TP_regions_1026_540_1254_1469,[],[]
2025_10_14_11_00_58_trial_1_TP_regions_1257_543_1491_1479,[],[]
2025_10_14_11_00_58_trial_1_TP_regions_308_527_539_1469,[],[]
2025_10_14_11_00_58_trial_1_TP_regions_547_522_770_1471,[],[]
2025_10_14_11_00_58_trial_1_TP_regions_65_524_294_1458,[],[]
2025_10_14_11_00_58_trial_1_TP_regions_773_527_1018_1484,[],[]
2025_10_14_14_49_36_trial_1_TP_regions_1052_448_1286_1392,[],[]
2025_10_14_14_49_36_trial_1_TP_regions_116_459_321_1392,[],[]
2025_10_14_14_49_36_trial_1_TP_regions_1300_456_1512_1384,[],[]
2025_10_14_14_49_36_trial_1_TP_regions_345_443_571_1382,[],[]
2025_10_14_14_49_36_trial_1_TP_regions_597_445_802_1387,[],[]
2025_10_14_14_49_36_trial_1_TP_regions_829_432_1044_1398,[],[]
2025_10_15_10_52_34_trial_1_TP_regions_1144_280_1370_1224,[],[]
2025_10_15_10_52_34_trial_1_TP_regions_1397_288_1599_1221,[],[]
2025_10_15_10_52_34_trial_1_TP_regions_181_288_397_1208,[],[]
2025_10_15_10_52_34_trial_1_TP_regions_421_288_652_1221,[],[]
2025_10_15_10_52_34_trial_1_TP_regions_673_277_883_1221,[],[]
2025_10_15_10_52_34_trial_1_TP_regions_918_280_1128_1227,[],[]
2025_10_15_14_57_00_trial_1_TP_regions_1056_305_1309_1257,[],[]
2025_10_15_14_57_00_trial_1_TP_regions_1290_299_1524_1246,[],[]
2025_10_15_14_57_00_trial_1_TP_regions_131_331_330_1238,[],[]
2025_10_15_14_57_00_trial_1_TP_regions_354_302_583_1254,[],[]
2025_10_15_14_57_00_trial_1_TP_regions_593_305_806_1251,[],[]
2025_10_15_14_57_00_trial_1_TP_regions_817_305_1059_1254,[],[]
2025_10_14_14_25_09_trial_1_TC_regions_1198_417_1451_1374,[],[]
2025_10_14_14_25_09_trial_1_TC_regions_1456_412_1677_1358,[],[]
2025_10_14_14_25_09_trial_1_TC_regions_262_414_491_1380,[],[]
2025_10_14_14_25_09_trial_1_TC_regions_483_436_728_1380,[],[]
2025_10_14_14_25_09_trial_1_TC_regions_717_420_956_1364,[],[]
2025_10_14_14_25_09_trial_1_TC_regions_964_414_1206_1342,[],[]
2025_10_15_10_20_58_trial_1_TC_regions_1172_256_1425_1168,[],[]
2025_10_15_10_20_58_trial_1_TC_regions_1433_258_1664_1189,[],[]
2025_10_15_10_20_58_trial_1_TC_regions_233_226_454_1165,[],[]
2025_10_15_10_20_58_trial_1_TC_regions_464_242_698_1168,[],[]
2025_10_15_10_20_58_trial_1_TC_regions_712_248_930_1170,[],[]
2025_10_15_10_20_58_trial_1_TC_regions_922_245_1201_1178,[],[]
2025_10_15_14_30_16_trial_1_TC_regions_1176_311_1418_1271,[],[]
2025_10_15_14_30_16_trial_1_TC_regions_1407_316_1655_1271,[],[]
2025_10_15_14_30_16_trial_1_TC_regions_216_340_445_1295,[],[]
2025_10_15_14_30_16_trial_1_TC_regions_466_327_695_1284,[],[]
2025_10_15_14_30_16_trial_1_TC_regions_700_327_939_1263,[],[]
2025_10_15_14_30_16_trial_1_TC_regions_942_321_1171_1266,[],[]
2025_10_16_10_10_37_trial_1_TC_regions_1050_296_1292_1232,[],[]
2025_10_16_10_10_37_trial_1_TC_regions_1284_304_1555_1221,[],[]
2025_10_16_10_10_37_trial_1_TC_regions_1555_322_1763_1224,[],[]
2025_10_16_10_10_37_trial_1_TC_regions_332_280_561_1229,[],[]
2025_10_16_10_10_37_trial_1_TC_regions_561_293_808_1226,[],[]
2025_10_16_10_10_37_trial_1_TC_regions_803_298_1047_1226,[],[]
2025_10_16_10_37_16_trial_1_TP_regions_1216_316_1445_1263,[],[]
2025_10_16_10_37_16_trial_1_TP_regions_1461_316_1671_1253,[],[]
2025_10_16_10_37_16_trial_1_TP_regions_256_332_487_1261,[],[]
2025_10_16_10_37_16_trial_1_TP_regions_487_332_710_1274,[],[]
2025_10_16_10_37_16_trial_1_TP_regions_737_327_960_1266,[],[]
2025_10_16_10_37_16_trial_1_TP_regions_958_327_1203_1268,[],[]
2025_10_16_14_28_16_trial_1_TC_regions_1205_380_1431_1313,[],[]
2025_10_16_14_28_16_trial_1_TC_regions_1442_372_1681_1308,[],[]
2025_10_16_14_28_16_trial_1_TC_regions_245_393_479_1332,[],[]
2025_10_16_14_28_16_trial_1_TC_regions_487_383_718_1319,[],[]
2025_10_16_14_28_16_trial_1_TC_regions_729_383_963_1324,[],[]
2025_10_16_14_28_16_trial_1_TC_regions_968_380_1195_1321,[],[]
2025_10_17_10_18_17_trial_1_TC_regions_1135_395_1393_1323,[],[]
2025_10_17_10_18_17_trial_1_TC_regions_1401_387_1638_1326,[],[]
2025_10_17_10_18_17_trial_1_TC_regions_186_411_425_1337,[],[]
2025_10_17_10_18_17_trial_1_TC_regions_417_403_670_1323,[],[]
2025_10_17_10_18_17_trial_1_TC_regions_670_398_920_1326,[],[]
2025_10_17_10_18_17_trial_1_TC_regions_906_393_1146_1323,[],[]
2025_10_17_14_30_05_trial_1_TC_regions_1154_406_1380_1337,[],[]
2025_10_17_14_30_05_trial_1_TC_regions_1388_398_1622_1318,[],[]
2025_10_17_14_30_05_trial_1_TC_regions_172_432_436_1380,[],[]
2025_10_17_14_30_05_trial_1_TC_regions_428_406_672_1355,[],[]
2025_10_17_14_30_05_trial_1_TC_regions_672_416_898_1358,[],[]
2025_10_17_14_30_05_trial_1_TC_regions_901_398_1159_1353,[],[]
2025_10_16_15_00_56_trial_1_TP_regions_1218_428_1455_1377,[],[]
2025_10_16_15_00_56_trial_1_TP_regions_1463_433_1684_1364,[],[]
2025_10_16_15_00_56_trial_1_TP_regions_261_460_482_1396,[],[]
2025_10_16_15_00_56_trial_1_TP_regions_498_446_732_1383,[],[]
2025_10_16_15_00_56_trial_1_TP_regions_748_452_976_1388,[],[]
2025_10_16_15_00_56_trial_1_TP_regions_982_430_1213_1380,[],[]
2025_10_17_10_48_37_trial_1_TP_regions_1189_379_1434_1324,[],[]
2025_10_17_10_48_37_trial_1_TP_regions_1421_371_1655_1316,[],[]
2025_10_17_10_48_37_trial_1_TP_regions_240_403_466_1342,[],[]
2025_10_17_10_48_37_trial_1_TP_regions_474_387_710_1324,[],[]
2025_10_17_10_48_37_trial_1_TP_regions_703_387_953_1326,[],[]
2025_10_17_10_48_37_trial_1_TP_regions_958_382_1171_1318,[],[]
2025_10_17_14_54_47_trial_1_TP_regions_1160_421_1399_1368,[],[]
2025_10_17_14_54_47_trial_1_TP_regions_1389_424_1628_1368,[],[]
2025_10_17_14_54_47_trial_1_TP_regions_194_435_421_1405,[],[]
2025_10_17_14_54_47_trial_1_TP_regions_450_440_663_1400,[],[]
2025_10_17_14_54_47_trial_1_TP_regions_676_427_915_1376,[],[]
2025_10_17_14_54_47_trial_1_TP_regions_923_432_1149_1368,[],[]
