ID,Cam,Grab
1,0.0,0.0
2,0.100062295794487,0.7546570301055908
3,0.20012475550174713,0.7761170864105225
4,0.3001872543245554,0.7902770042419434
5,0.40024922601878643,0.8049411773681641
6,0.5003115218132734,0.81911301612854
7,0.600373737514019,0.8354721069335938
8,0.7004362363368273,0.8521020412445068
9,0.8004984520375729,0.8689560890197754
10,0.9005607478320599,0.8978672027587891
11,1.00062320753932,1.000709056854248
12,1.100685503333807,1.1010119915008545
13,1.2007477208971977,1.200896978378296
14,1.3008099757134914,1.3007919788360596
15,1.4008724354207516,1.4006741046905518
16,1.5009347312152386,1.5007359981536865
17,1.6009969487786293,1.6012961864471436
18,1.7010592017322779,1.7007431983947754
19,1.8011216633021832,1.8009600639343262
20,1.901183957234025,1.9012300968170166
21,2.0012461747974157,2.0016000270843506
22,2.1013087145984173,2.101269006729126
23,2.201370930299163,2.2014570236206055
24,2.3014331832528114,2.3013360500335693
25,2.401495400816202,2.4014930725097656
26,2.5015579406172037,2.501573085784912
27,2.6016201563179493,2.5994210243225098
28,2.701682411134243,2.705029010772705
29,2.8017448727041483,2.9560980796813965
30,2.9018071684986353,2.973175048828125
31,3.001869384199381,2.99908709526062
32,3.1019316408783197,3.1021060943603516
33,3.20199410058558,3.201925039291382
34,3.302056396380067,3.3020761013031006
35,3.4021186120808125,3.402165174484253
36,3.502180866897106,3.5021090507507324
37,3.6022433675825596,3.602169990539551
38,3.7023056223988533,3.70237398147583
39,3.802367838099599,3.8023600578308105
40,3.9024303779006004,3.90246319770813
41,4.002492593601346,4.002530097961426
42,4.10255484841764,4.102610111236572
43,4.202617064118385,4.2023701667785645
44,4.302679603919387,4.3025500774383545
45,4.402741780504584,4.402811050415039
46,4.502804076299071,4.502840995788574
47,4.602866576984525,4.602720022201538
48,4.702928831800818,4.702916145324707
49,4.802991291508079,4.80299711227417
50,4.903053302317858,4.901223182678223
51,5.003115804865956,5.003106117248535
52,5.103178057819605,5.103157043457031
53,5.2032402735203505,5.20349907875061
54,5.3033025693148375,5.303439140319824
55,5.403365030884743,5.403239011764526
56,5.503427283838391,5.503381013870239
57,5.60348978638649,5.603594064712524
58,5.703551795333624,5.703524112701416
59,5.803614256903529,5.803586006164551
60,5.903676511719823,5.903512001037598
61,6.0037387274205685,6.003676176071167
62,6.10380126722157,6.104149103164673
63,6.203863484784961,6.203786134719849
64,6.303925780579448,6.303903102874756
65,6.403988240286708,6.403915166854858
66,6.504050496965647,6.504148006439209
67,6.604112712666392,6.604144096374512
68,6.704175008460879,6.704239130020142
69,6.8042374681681395,6.804166078567505
70,6.904299722984433,6.904232978820801
71,7.004361938685179,7.004346132278442
72,7.104424234479666,7.104434013366699
73,7.204486694186926,7.20468807220459
74,7.3045489471405745,7.304717063903809
75,7.404611164703965,7.4047040939331055
76,7.50467386841774,7.504549980163574
77,7.604735920205712,7.60471510887146
78,7.704798216000199,7.704725027084351
79,7.8048606757074594,7.804697036743164
80,7.904922932386398,7.904949188232422
81,8.004985148087144,8.004825115203857
82,8.105047443881631,8.104972124099731
83,8.205109903588891,8.205204010009766
84,8.305172158405185,8.304986000061035
85,8.405234375968575,8.40527606010437
86,8.505296669900417,8.505238056182861
87,8.605359129607677,8.605354070663452
88,8.705421425402164,8.705294132232666
89,8.805483600124717,8.805279016494751
90,8.905546139925718,8.902794122695923
91,9.005608355626464,9.005705118179321
92,9.105670651420951,9.105416059494019
93,9.205732868984342,9.205744981765747
94,9.305795123800635,9.305930137634277
95,9.405857583507895,9.406005144119263
96,9.505919879302382,9.505972146987915
97,9.605982340872288,9.605955123901367
98,9.706044595688581,9.705991983413696
99,9.806106811389327,9.80598497390747
100,9.906169107183814,9.906047105789185
101,10.00623156875372,10.006152153015137
102,10.106293862685561,10.1061851978302
103,10.206356080248952,10.206259965896606
104,10.3064183332026,10.306272029876709
105,10.406480794772506,10.406393051147461
106,10.506543291732669,10.506375074386597
107,10.606605306267738,10.606609106063843
108,10.706667559221387,10.706428050994873
109,10.806730020791292,10.806640148162842
110,10.90679231658578,10.906761169433594
111,11.006854532286525,11.006736040115356
112,11.106916788965464,11.106810092926025
113,11.206979287788272,11.2069571018219
114,11.30704154446721,11.307078123092651
115,11.407103760167956,11.407060146331787
116,11.50716601498425,11.507045030593872
117,11.607228515669703,11.60719108581543
118,11.707290770485997,11.707233190536499
119,11.807353230193257,11.80724310874939
120,11.907415525987744,11.907379150390625
121,12.007477946579456,12.007384061813354
122,12.107539996504784,12.107503175735474
123,12.207602456212044,12.207590103149414
124,12.307664712890983,12.307608127593994
125,12.407726967707276,12.407764196395874
126,12.507789224386215,12.50770115852356
127,12.607851723209023,12.607712030410767
128,12.707913979887962,12.707937002182007
129,12.807976195588708,12.808013200759888
130,12.908038452267647,12.908276081085205
131,13.0081009529531,13.00796914100647
132,13.108163207769394,13.108309030532837
133,13.20822542347014,13.208417177200317
134,13.308287717401981,13.308484077453613
135,13.408350180834532,13.40821099281311
136,13.508412677794695,13.50844407081604
137,13.608474649488926,13.608684062957764
138,13.708537187427282,13.70852518081665
139,13.808599406853318,13.80900502204895
140,13.908661659806967,13.90879511833191
141,14.00872416049242,14.008685111999512
142,14.108786415308714,14.108801126480103
143,14.208848632872105,14.209120035171509
144,14.308910928666592,14.309149026870728
145,14.408973388373852,14.409037113189697
146,14.509035643190145,14.508989095687866
147,14.609097860753536,14.609080076217651
148,14.709160400554538,14.709174156188965
149,14.809222616255283,14.809190034866333
150,14.909284869208932,14.909510135650635
151,15.009347086772323,15.009297132492065
152,15.10940938256681,15.109557151794434
153,15.20947184227407,15.209527015686035
154,15.309534138068557,15.309725999832153
155,15.409596312791109,15.409622192382812
156,15.509658608585596,15.509727001190186
157,15.609721027314663,15.609652996063232
158,15.709783364087343,15.709849119186401
159,15.809845823794603,15.810311079025269
160,15.909908080473542,15.909775018692017
161,16.009970296174288,16.010147094726562
162,16.110032591968775,16.10987401008606
163,16.210095051676035,16.21023416519165
164,16.310157308354974,16.310294151306152
165,16.41021952405572,16.410420179367065
166,16.51028181798756,16.5104022026062
167,16.610344279557467,16.610499143600464
168,16.71040657348931,16.710589170455933
169,16.810468789190054,16.810790061950684
170,16.910531044006348,16.910750150680542
171,17.010593749582767,17.01071810722351
172,17.110655799508095,17.110823154449463
173,17.21071801520884,17.21075701713562
174,17.31078027188778,17.311047077178955
175,17.41084273159504,17.41093397140503
176,17.510905027389526,17.510797023773193
177,17.610967244952917,17.611184120178223
178,17.71102949976921,17.711137056350708
179,17.811092000454664,17.81126117706299
180,17.911154255270958,17.91105818748474
181,18.011216716840863,18.011559009552002
182,18.11127901263535,18.111330032348633
183,18.211341228336096,18.211590051651
184,18.311403481289744,18.31148910522461
185,18.41146594285965,18.411617040634155
186,18.511528238654137,18.51149010658264
187,18.611590698361397,18.611720085144043
188,18.71165270730853,18.711611032485962
189,18.811715168878436,18.811764001846313
190,18.911777464672923,18.911818981170654
191,19.01183968037367,19.011780977249146
192,19.111901935189962,19.111805200576782
193,19.211964640766382,19.21198296546936
194,19.312026895582676,19.31191611289978
195,19.4120889082551,19.412271976470947
196,19.51215116493404,19.51222801208496
197,19.612213663756847,19.61244511604309
198,19.71227591857314,19.7125461101532
199,19.812338136136532,19.812456130981445
200,19.91240067407489,19.912594079971313
201,20.012462889775634,20.012521028518677
202,20.112525144591928,20.112500190734863
203,20.21258736215532,20.21299409866333
204,20.312649860978127,20.312702178955078
205,20.41271211579442,20.41278100013733
206,20.51277437247336,20.513102054595947
207,20.612836871296167,20.613123178482056
208,20.712899127975106,20.713097095489502
209,20.812961343675852,20.8129620552063
210,20.913023883476853,20.913076162338257
211,21.0130860991776,21.01325511932373
212,21.113148355856538,21.11351704597473
213,21.213210571557283,21.21313500404358
214,21.31327286735177,21.31332802772522
215,21.413335328921676,21.413666009902954
216,21.513397581875324,21.513296127319336
217,21.613460084423423,21.61373805999756
218,21.71352233737707,21.71360206604004
219,21.813584554940462,21.813660144805908
220,21.91364685073495,21.913578987121582
221,22.01370931044221,22.01374912261963
222,22.113771563395858,22.113960027694702
223,22.21383378095925,22.21392512321472
224,22.313896279782057,22.314218997955322
225,22.413958536460996,22.414294004440308
226,22.51402079127729,22.514785051345825
227,22.61408300884068,22.61444616317749
228,22.714145304635167,22.71433115005493
229,22.814207764342427,22.8143630027771
230,22.914270017296076,22.914513111114502
231,23.014332519844174,23.01457905769348
232,23.114394530653954,23.11470317840576
233,23.21445699222386,23.214859008789062
234,23.3145192861557,23.314738035202026
235,23.41458174586296,23.414826154708862
236,23.514644000679255,23.514944076538086
237,23.61470621638,23.614835023880005
238,23.714768512174487,23.714993000030518
239,23.814830971881747,23.815147161483765
240,23.914893228560686,23.915131092071533
241,24.01495544426143,24.015252113342285
242,24.11501774005592,24.115171194076538
243,24.21508019976318,24.215322971343994
244,24.315142495557666,24.315487146377563
245,24.41520471125841,24.415443181991577
246,24.515267211943865,24.51538896560669
247,24.61532942764461,24.61560606956482
248,24.715391723439097,24.71589708328247
249,24.815453939139843,24.81590509414673
250,24.91551643796265,24.91576099395752
251,25.015578653663397,25.01305913925171
252,25.115640949457884,25.116255044937134
253,25.215703409165144,25.21608805656433
254,25.31576570495963,25.315773010253906
255,25.415828123688698,25.416064023971558
256,25.51589017547667,25.515966176986694
257,25.61595263518393,25.61619806289673
258,25.716014932841063,25.71607804298401
259,25.816077146679163,25.81647300720215
260,25.916139403358102,25.91646409034729
261,26.016201861202717,26.01631808280945
262,26.116264160722494,26.116401195526123
263,26.21632637269795,26.216504096984863
264,26.316388834267855,26.316766023635864
265,26.416451087221503,26.416484117507935
266,26.51651338674128,26.51665711402893
267,26.616575844585896,26.616918087005615
268,26.716638142243028,26.7168710231781
269,26.816700356081128,26.816994190216064
270,26.9167644046247,26.917041063308716
271,27.016825072467327,27.01708197593689
272,27.116888834163547,27.11751103401184
273,27.21694958396256,27.217180013656616
274,27.317013589665294,27.317034006118774
275,27.417074298486114,27.417206048965454
276,27.51713651418686,27.517162084579468
277,27.617198809981346,27.617263078689575
278,27.717261269688606,27.717275142669678
279,27.8173235245049,27.81743812561035
280,27.917385740205646,27.917368173599243
281,28.017448036000133,28.017603158950806
282,28.117510495707393,28.1176700592041
283,28.21757279150188,28.217761993408203
284,28.31763525120914,28.317646980285645
285,28.41769750788808,28.417785167694092
286,28.51775996759534,28.5179181098938
287,28.61782201938331,28.618144989013672
288,28.717884480953217,28.717904090881348
289,28.81794673576951,28.81810998916626
290,28.918008951470256,28.918225049972534
291,29.018071245402098,29.018074989318848
292,29.118133708834648,29.118232011795044
293,29.21819600276649,29.218281984329224
294,29.31825822032988,29.31853699684143
295,29.418320717290044,29.418477058410645
296,29.518382934853435,29.518611192703247
297,29.618445228785276,29.61860203742981
298,29.718507444486022,29.7187922000885
299,29.81856994330883,29.818711042404175
300,29.91863216087222,29.918807983398438
301,30.018694456666708,30.01872706413269
302,30.118756916373968,30.1187961101532
303,30.218819212168455,30.21883511543274
304,30.318881388753653,30.318928003311157
305,30.41894368454814,30.419234037399292
306,30.5190061442554,30.519116163253784
307,30.619068440049887,30.619173049926758
308,30.719130655750632,30.719279050827026
309,30.81919315457344,30.81923818588257
310,30.919255370274186,30.91940402984619
311,31.019317666068673,31.019450187683105
312,31.11937988176942,31.119577169418335
313,31.219442380592227,34.04861617088318
314,31.319504596292973,34.06340408325195
315,31.41956689208746,34.07786297798157
316,31.51962935179472,34.091607093811035
317,31.61969160847366,34.10695004463196
318,31.719753863289952,34.12105202674866
319,31.819816363975406,34.135579109191895
320,31.91987857967615,34.14941215515137
321,32.01994087547064,34.165104150772095
322,32.120003091171384,34.17935299873352
323,32.22006534785032,34.19415307044983
324,32.32012780755758,34.209938049316406
325,32.420190101489425,34.225242137908936
326,32.52025232091546,34.23994302749634
327,32.62031485885382,34.25488519668579
328,32.72037707455456,34.26844811439514
329,32.82043932750821,34.28326201438904
330,32.92050179094076,34.29644298553467
331,33.0205640848726,34.311042070388794
332,33.12062630057335,34.324899196624756
333,33.22068855538964,34.33928418159485
334,33.32075101695955,34.35340619087219
335,33.420813312754035,34.368844985961914
336,33.520875772461295,34.38319706916809
337,33.620937783271074,34.39890718460083
338,33.72100024484098,34.413087129592896
339,33.82106249779463,34.429540157318115
340,33.92112500034273,34.44352602958679
341,34.021187296137214,34.912333965301514
342,34.12124951183796,34.92637515068054
343,34.22131176665425,34.94243097305298
344,34.32137422636151,34.95660710334778
345,34.421436522156,34.97175407409668
346,34.521498737856746,34.9856481552124
347,34.62156099267304,35.00107502937317
348,34.721623696386814,35.01478719711304
349,34.82168574817479,35.02996897697449
350,34.92174820788205,35.04377102851868
351,35.021810503676534,35.05858397483826
352,35.12187271937728,35.12200713157654
353,35.22193497605622,35.222238063812256
354,35.32199743576348,35.322092056274414
355,35.422059731557965,35.42228412628174
356,35.52212194725871,35.52232813835144
357,35.622184202075005,35.6224901676178
358,35.72224666364491,35.722460985183716
359,35.82230895757675,35.82251501083374
360,35.9223711732775,35.922532081604004
361,36.022433714941144,36.02262806892395
362,36.12249593064189,36.12250900268555
363,36.22255818359554,36.22016716003418
364,36.3226206433028,36.32278800010681
365,36.42268294095993,36.42295002937317
366,36.522745156660676,36.522850036621094
367,36.62280741147697,36.622974157333374
368,36.72286987118423,36.72308707237244
369,36.82293216884136,36.82321810722351
370,36.92299438454211,36.923187017440796
371,37.0230566393584,37.02328300476074
372,37.12311910092831,37.123274087905884
373,37.223181396722794,37.22380208969116
374,37.323243856430054,37.32377505302429
375,37.42330635339022,37.423731088638306
376,37.523368367925286,37.523630142211914
377,37.62343062274158,37.62385106086731
378,37.72349308244884,37.72358012199402
379,37.823555579409,37.82354712486267
380,37.92361759394407,37.92395520210266
381,38.023679848760366,38.024309158325195
382,38.12374230846763,38.12422704696655
383,38.223804604262114,38.22403812408447
384,38.32386681996286,38.32418918609619
385,38.4239290766418,38.42411804199219
386,38.523991575464606,38.52429699897766
387,38.624053832143545,38.62445902824402
388,38.724116291850805,38.72435998916626
389,38.82417858764529,38.824387073516846
390,38.92424080334604,38.924583196640015
391,39.02430305816233,39.02454900741577
392,39.12436551973224,39.124783992767334
393,39.22442781366408,39.2247200012207
394,39.32448978535831,39.32476305961609
395,39.42455228418112,39.42486810684204
396,39.52461478672922,39.52478504180908
397,39.62467700056732,39.62479615211487
398,39.72473925538361,39.72495198249817
399,39.82480179518461,39.82492113113403
400,39.924864012748,39.92497110366821
401,40.0249262675643,40.025087118148804
402,40.12498872727156,40.12517714500427
403,40.22505102492869,40.22514605522156
404,40.325113240629435,40.322843074798584
405,40.42517549544573,40.42571306228638
406,40.525238160043955,40.52586317062378
407,40.62530025281012,40.62536597251892
408,40.725362468510866,40.72568607330322
409,40.82542500831187,40.825783014297485
410,40.92548742517829,40.92587208747864
411,41.02554947882891,41.02601718902588
412,41.12561193853617,41.12612318992615
413,41.225674234330654,41.22621512413025
414,41.3257364500314,41.326120138168335
415,41.42579870484769,41.42593312263489
416,41.52586112357676,41.52621912956238
417,41.62592346034944,41.62612819671631
418,41.725985676050186,41.72632813453674
419,41.82604821585119,41.82629418373108
420,41.92611043155193,41.926634073257446
421,42.02617289125919,42.026506185531616
422,42.12623490393162,42.126806020736694
423,42.22629744373262,42.22662615776062
424,42.326359659433365,42.32671403884888
425,42.42642191424966,42.42690300941467
426,42.526484375819564,42.52671718597412
427,42.626546669751406,42.626835107803345
428,42.72660888545215,42.72685217857361
429,42.826671140268445,42.82522702217102
430,42.926733599975705,42.92700815200806
431,43.02679589577019,43.027358055114746
432,43.12685811147094,43.12731909751892
433,43.22692065127194,43.227246046066284
434,43.32698286883533,43.32474899291992
435,43.427045123651624,43.4275860786438
436,43.527107583358884,43.52761912345886
437,43.62716987915337,43.62760305404663
438,43.72723209671676,43.72567319869995
439,43.827294351533055,43.82639718055725
440,43.927356811240315,43.92759418487549
441,44.027419310063124,44.02717900276184
442,44.12748132459819,44.12767004966736
443,44.22754357755184,44.2280011177063
444,44.32760608009994,44.328153133392334
445,44.427668334916234,44.428102016448975
446,44.52773055061698,44.5283260345459
447,44.627793088555336,44.62821912765503
448,44.72785530611873,44.72851800918579
449,44.82791756093502,44.82866811752319
450,44.927979776635766,44.92852020263672
451,45.02804231643677,45.028555154800415
452,45.12810453213751,45.12830209732056
453,45.22816678881645,45.22846508026123
454,45.32822928763926,45.32851815223694
455,45.4282915443182,45.428858041763306
456,45.528353760018945,45.52869701385498
457,45.62841601483524,45.628878116607666
458,45.72847851552069,45.72882699966431
459,45.828540770336986,45.82884907722473
460,45.92860298603773,45.92873501777649
461,46.02866528183222,46.0289511680603
462,46.128727700561285,46.12899208068848
463,46.22878999635577,46.22913098335266
464,46.32885245606303,46.32919096946716
465,46.42891475185752,46.429214000701904
466,46.528976967558265,46.529184103012085
467,46.629039224237204,46.62929105758667
468,46.72910172492266,46.729443073272705
469,46.82916397973895,46.82959604263306
470,46.929226195439696,46.92990303039551
471,47.029288452118635,47.02952313423157
472,47.129350911825895,47.129616022109985
473,47.22941320762038,47.22975015640259
474,47.32947542332113,47.32985496520996
475,47.42953771725297,47.429994106292725
476,47.52960018068552,47.53017497062683
477,47.62966243363917,47.62993502616882
478,47.729724649339914,47.730234146118164
479,47.829786943271756,47.829724073410034
480,47.92984940670431,47.93050003051758
481,48.029911659657955,48.030532121658325
482,48.1299738753587,48.13046908378601
483,48.2300364151597,48.23053598403931
484,48.33009863272309,48.33063006401062
485,48.43016092851758,48.430948972702026
486,48.530223144218326,48.53084397315979
487,48.63028564490378,48.63091802597046
488,48.730347860604525,48.731046199798584
489,48.83041015639901,48.83104205131531
490,48.93047261610627,48.93091106414795
491,49.030534870922565,49.031126976013184
492,49.13059708662331,49.131767988204956
493,49.2306593824178,49.23124599456787
494,49.33072184212506,49.331077098846436
495,49.430784137919545,49.43129301071167
496,49.5308463126421,49.53208017349243
497,49.630908608436584,49.631422996520996
498,49.730971068143845,49.7316210269928
499,49.83103336393833,49.82935810089111
500,49.93109557963908,49.929304122924805
501,50.031157836318016,50.02936601638794
502,50.131220296025276,50.1298291683197
503,50.23128279671073,50.22959518432617
504,50.33134505152702,50.32931208610535
505,50.43140730820596,50.42914700508118
506,50.53146952390671,50.53216004371643
507,50.63153181783855,50.63202500343323
508,50.731594279408455,50.73203802108765
509,50.8316565733403,50.83221411705017
510,50.93171879090369,50.93214702606201
511,51.031781043857336,51.03226709365845
512,51.13184350542724,51.13228106498718
513,51.23190579935908,51.232943058013916
514,51.331968016922474,51.33251118659973
515,51.43203051574528,51.43254899978638
516,51.53209273144603,51.53244400024414
517,51.632155027240515,51.63250112533569
518,51.732217244803905,51.73274612426758
519,51.83227978460491,51.83287811279297
520,51.93234200030565,51.932873010635376
521,52.03240425698459,52.0330331325531
522,52.13246671669185,52.13313007354736
523,52.23252901248634,52.233150005340576
524,52.332591228187084,52.332996129989624
525,52.43265348114073,52.43322706222534
526,52.53271594271064,52.53298306465149
527,52.632778238505125,52.63324308395386
528,52.73284045420587,52.73299813270569
529,52.83290299400687,52.831084966659546
530,52.932965168729424,52.933380126953125
531,53.03302746452391,53.03330898284912
532,53.13308968022466,53.13347911834717
533,53.23315218091011,53.2335159778595
534,53.33321464061737,53.33351397514343
535,53.43327669240534,53.433709144592285
536,53.53333890810609,53.53386402130127
537,53.63340144790709,53.633979082107544
538,53.7334638684988,53.73377513885498
539,53.83352591842413,53.83386206626892
540,53.933588379994035,53.93404412269592
541,54.03365067392588,54.03418517112732
542,54.13371288962662,54.134135007858276
543,54.233775144442916,54.234217166900635
544,54.333837646991014,54.3343780040741
545,54.43389989994466,54.434463024139404
546,54.53396211564541,54.53427314758301
547,54.63402437232435,54.634608030319214
548,54.734086871147156,54.73463201522827
549,54.834149127826095,54.83486199378967
550,54.93421134352684,54.93470597267151
551,55.03427363932133,55.034818172454834
552,55.13433610089123,55.134912967681885
553,55.234398355707526,55.235008001327515
554,55.33446057140827,55.33510208129883
555,55.43452311120927,55.43507719039917
556,55.534585328772664,55.53505897521973
557,55.63464758172631,55.63513398170471
558,55.734709553420544,55.73528599739075
559,55.83477233722806,55.83538007736206
560,55.93483455479145,55.935463190078735
561,56.03489685058594,56.03551411628723
562,56.1349593102932,56.135526180267334
563,56.235021563246846,56.235507011413574
564,56.33508378081024,56.33566117286682
565,56.435146279633045,56.43560814857483
566,56.53520849533379,56.53599715232849
567,56.63527079299092,56.63579297065735
568,56.73533300869167,56.73590397834778
569,56.835395304486156,56.83571815490723
570,56.935457764193416,56.93599200248718
571,57.035520017147064,57.03601408004761
572,57.1355822365731,57.136358976364136
573,57.23564477451146,57.23618817329407
574,57.33570699207485,57.3361451625824
575,57.43576928600669,57.43627119064331
576,57.53583174571395,57.536375999450684
577,57.63589400053024,57.6366240978241
578,57.73595621623099,57.736457109451294
579,57.836018512025476,57.83428907394409
580,57.936080971732736,57.93653607368469
581,58.03614318743348,58.03651309013367
582,58.13620544411242,58.13661813735962
583,58.23626773990691,58.236852169036865
584,58.33633019961417,58.3367760181427
585,58.436392495408654,58.43717312812805
586,58.53645475208759,58.53687810897827
587,58.63651696778834,58.636866092681885
588,58.7365794274956,58.737006187438965
589,58.836641723290086,58.83703899383545
590,58.93670418485999,58.937180042266846
591,59.03676643781364,59.03702116012573
592,59.136828653514385,59.137531042099
593,59.23689094930887,59.23719000816345
594,59.33695341087878,59.33748412132263
595,59.43701570481062,59.43730401992798
596,59.53707787953317,59.53750205039978
597,59.63714017532766,59.637500047683716
598,59.737202636897564,59.73796200752258
599,59.83726493269205,59.83772802352905
600,59.93732714653015,59.93798303604126
601,60.03738940320909,60.03781199455261
602,60.13745186291635,60.13785099983215
603,60.23751416057348,60.237969160079956
604,60.33757637254894,60.33811712265015
605,60.43763887323439,60.43828296661377
606,60.53770108893514,60.53815197944641
607,60.63776338659227,60.638251066207886
608,60.737825844436884,60.73823809623718
609,60.837888142094016,60.838561058044434
610,60.93795059993863,60.93823599815369
611,61.038014363497496,61.038408041000366
612,61.138075072318316,61.138445138931274
613,61.2381356600672,61.23860812187195
614,61.33819958381355,61.337138175964355
615,61.43826358951628,61.4386990070343
616,61.5383242983371,61.53873014450073
617,61.63838651403785,61.639225006103516
618,61.738448809832335,61.739081144332886
619,61.838511269539595,61.83925199508667
620,61.93857352435589,61.93922710418701
621,62.038635740056634,62.039231061935425
622,62.13869824074209,62.139299154281616
623,62.23876049555838,62.23970603942871
624,62.33882279135287,62.33961510658264
625,62.43888521194458,62.43949913978577
626,62.53894750773907,62.53962516784668
627,62.63900972343981,62.640252113342285
628,62.7390720192343,62.73970603942871
629,62.839134480804205,62.83705019950867
630,62.939196694642305,62.93968105316162
631,63.039258951321244,63.04009413719177
632,63.139321245253086,63.13985204696655
633,63.23938370868564,63.24015212059021
634,63.33944600261748,63.34011912345886
635,63.43950822018087,63.440330028533936
636,63.53957071714103,63.53992319107056
637,63.63963293470442,63.64000201225281
638,63.739695228636265,63.74062204360962
639,63.83975769020617,63.840291023254395
640,63.93981994315982,63.94025206565857
641,64.03988240472972,64.0403699874878
642,64.1399444565177,64.14038419723511
643,64.24000691622496,64.24070405960083
644,64.34006921201944,64.34075713157654
645,64.44013138860464,64.44101405143738
646,64.54019368439913,64.54084897041321
647,64.64025614410639,64.64089107513428
648,64.74031843990088,64.74071002006531
649,64.84038065560162,64.84093809127808
650,64.94044315442443,64.94117307662964
651,65.04050537012517,65.04091715812683
652,65.14056766591966,65.14091300964355
653,65.24063012562692,65.24115419387817
654,65.34069238044322,65.34128713607788
655,65.44075488299131,65.44213604927063
656,65.54081689193845,65.54134702682495
657,65.64087935164571,65.64130210876465
658,65.7409416474402,65.74137616157532
659,65.84100386314094,65.84133696556091
660,65.94106632471085,65.94157218933105
661,66.04112857952714,66.04168200492859
662,66.14119087532163,66.14194798469543
663,66.24125333689153,66.24197006225586
664,66.34131559170783,66.34197402000427
665,66.44137780740857,66.441899061203
666,66.54144010134041,66.54206204414368
667,66.64150256477296,66.64229798316956
668,66.7415648587048,66.74218606948853
669,66.84162707440555,66.84219908714294
670,66.9416893273592,66.94233202934265
671,67.04175179079175,67.04237699508667
672,67.14181408472359,67.14258217811584
673,67.24187630042434,67.2423050403595
674,67.34193855524063,67.34253406524658
675,67.44200105592608,67.44246411323547
676,67.54206327162683,67.54264307022095
677,67.64212552830577,67.64254999160767
678,67.74218806810677,67.74294900894165
679,67.84225024469197,67.8402361869812
680,67.94231254048645,67.94291710853577
681,68.04237500019372,68.43890500068665
682,68.1424372959882,68.4532401561737
683,68.24249951168895,68.46905517578125
684,68.34256176650524,68.48313307762146
685,68.4426242262125,68.49781107902527
686,68.54268652200699,68.5404920578003
687,68.64274873770773,68.64308214187622
688,68.74281099252403,68.7435040473938
689,68.84287345223129,68.84208011627197
690,68.94293574802577,68.94350004196167
691,69.04299796372652,69.04356718063354
692,69.14306050352752,69.14362096786499
693,69.24312271922827,69.24351119995117
694,69.3431849759072,69.34356904029846
695,69.44324743561447,69.44398403167725
696,69.54330973140895,69.54377102851868
697,69.64337194897234,69.6439790725708
698,69.743434201926,69.74398112297058
699,69.8434966634959,69.84401607513428
700,69.94355895742774,69.94408416748047
701,70.04362117499113,70.04414105415344
702,70.14368342794478,70.14415717124939
703,70.24374593049288,70.24434304237366
704,70.34380818344653,70.34431314468384
705,70.44387064315379,70.44437503814697
706,70.54393294081092,70.54438400268555
707,70.64399515651166,70.64463305473328
708,70.74405741132796,70.74453496932983
709,70.84411987289786,70.84471607208252
710,70.94418216869235,70.94466304779053
711,71.0442443843931,71.04464197158813
712,71.14430663920939,71.14491415023804
713,71.2443691007793,71.24507808685303
714,71.34443139657378,71.34485816955566
715,71.44449361227453,71.44509100914001
716,71.54455586522818,71.54502415657043
717,71.64461840875447,71.64525699615479
718,71.74468062259257,71.7452290058136
719,71.84474283829331,71.84525513648987
720,71.94480509124696,71.94546699523926
721,72.04486759379506,72.04553699493408
722,72.14492984861135,72.14558410644531
723,72.24499230831861,72.2456910610199
724,72.3450546041131,72.34576296806335
725,72.44511681981385,72.44579696655273
726,72.54517907649279,72.54596400260925
727,72.6452415753156,72.64584803581238
728,72.74530383199453,72.74610900878906
729,72.84536604769528,72.84581208229065
730,72.94542830251157,72.94612002372742
731,73.04549080319703,73.04628610610962
732,73.14555305801332,73.1461730003357
733,73.24561551958323,73.24654006958008
734,73.34567781351507,73.34642314910889
735,73.44574002921581,73.44660115242004
736,73.5458022840321,73.54648017883301
737,73.64586454257369,73.64667415618896
738,73.74592703953385,73.74655199050903
739,73.8459892552346,73.84663414955139
740,73.94605151191354,73.9471001625061
741,74.0461139716208,74.046795129776
742,74.14617626741529,74.14675807952881
743,74.24623848497868,74.24700403213501
744,74.34630078077316,74.34702014923096
745,74.44636324048042,74.44698405265808
746,74.54642549529672,74.54721903800964
747,74.64648771286011,74.64689707756042
748,74.7465500086546,74.74735403060913
749,74.84661246836185,74.8472011089325
750,74.9466747213155,74.94728398323059
751,75.0467372238636,75.04734802246094
752,75.1467994786799,75.14751410484314
753,75.24686169438064,75.24742603302002
754,75.34692394733429,75.34769105911255
755,75.44698644988239,75.44763708114624
756,75.54704870469868,75.54759502410889
757,75.64711092039943,75.64781713485718
758,75.74717321619391,75.7477240562439
759,75.84723567590117,75.84776306152344
760,75.94729793258011,75.94793009757996
761,76.04736014828086,76.0481550693512
762,76.14742244407535,76.1481261253357
763,76.2474849037826,76.24797511100769
764,76.3475471585989,76.34810400009155
765,76.44760937616229,76.44814896583557
766,76.54767191410065,76.54840111732483
767,76.64773412980139,76.64832615852356
768,76.74779642559588,76.74853610992432
769,76.84785888530314,76.84853506088257
770,76.94792114011943,76.94859910011292
771,77.04798335582018,77.0485270023346
772,77.14804565161467,77.14876008033752
773,77.24810811132193,77.24868202209473
774,77.34817036800086,77.3489420413971
775,77.44823258370161,77.44870114326477
776,77.5482948794961,77.5491840839386
777,77.64835733920336,77.64897012710571
778,77.7484195958823,77.74901008605957
779,77.84848209656775,77.84790015220642
780,77.94854435138404,77.94952201843262
781,78.04860656894743,78.04933905601501
782,78.14866886287928,78.14926719665527
783,78.24873108044267,78.24933314323425
784,78.34879357740283,78.34986114501953
785,78.44885579496622,78.44958901405334
786,78.54891808889806,78.54950308799744
787,78.64898055046797,78.64959001541138
788,78.74904280342162,78.74972200393677
789,78.84910502098501,78.8497622013092
790,78.94916756078601,78.94968509674072
791,79.04922977648675,79.05005812644958
792,79.14929207228124,79.15007019042969
793,79.24935428798199,79.25030303001404
794,79.34941654466093,79.35027718544006
795,79.44947900436819,79.45023107528687
796,79.54954130016267,79.55032110214233
797,79.64960375986993,79.65039014816284
798,79.74966601468623,79.75041508674622
799,79.84972823038697,79.85066819190979
800,79.94979052618146,79.95039200782776
801,80.04985298588872,80.05057120323181
802,80.1499152816832,80.15054702758789
803,80.24997745640576,80.25056409835815
804,80.35003979317844,80.35074806213379
805,80.4501022119075,80.45091700553894
806,80.550164507702,80.55083107948303
807,80.65022696740925,80.65090417861938
808,80.75028898008168,80.75080704689026
809,80.85035143978894,80.85129714012146
810,80.95041373558342,80.9513771533966
811,81.05047595128417,81.05184412002563
812,81.15053845196962,81.15142703056335
813,81.25060066767037,81.25150609016418
814,81.35066296346486,81.35166311264038
815,81.45072558522224,81.45188903808594
816,81.5507877189666,81.55154705047607
817,81.65084993653,81.65159010887146
818,81.750912187621,81.7516701221466
819,81.8509746491909,81.85207509994507
820,81.95103694498539,81.95194816589355
821,82.05109916068614,82.05183005332947
822,82.15116141550243,82.15180802345276
823,82.25122387520969,82.25208902359009
824,82.35128617286682,82.35200619697571
825,82.45134863257408,82.45223903656006
826,82.55141092836857,82.55210709571838
827,82.65147314406931,82.65232110023499
828,82.75153540074825,82.75224208831787
829,82.85159786045551,82.85227108001709
830,82.95166015625,82.9524130821228
831,83.05172237195075,83.0522141456604
832,83.15178462676704,83.15242910385132
833,83.2518470864743,83.25264406204224
834,83.35190938226879,83.3527021408081
835,83.45197159796953,83.45306611061096
836,83.55203385278583,83.55308604240417
837,83.65209631249309,83.65301609039307
838,83.75215860828757,83.75300097465515
839,83.85222106799483,83.8528380393982
840,83.95228336378932,83.95317006111145
841,84.05234557949007,84.05302500724792
842,84.152407836169,84.1535210609436
843,84.25247029587626,84.25322008132935
844,84.35253259167075,84.35324907302856
845,84.4525948073715,84.45349216461182
846,84.55265706405044,84.55317115783691
847,84.6527195237577,84.65346312522888
848,84.75278181768954,84.75409412384033
849,84.85284403525293,84.85348916053772
850,84.95290628820658,84.95103096961975
851,85.05296879075468,85.05091214179993
852,85.15303104370832,85.1526620388031
853,85.25309325940907,85.25265908241272
854,85.35315551608801,85.35418915748596
855,85.45321801677346,85.45354199409485
856,85.55328027158976,85.554044008255
857,85.65334273129702,85.65410900115967
858,85.75340502895415,85.75411915779114
859,85.8534672446549,85.85435104370117
860,85.95352949947119,85.95433807373047
861,86.05359200015664,86.05435419082642
862,86.15365425683558,86.15438604354858
863,86.25371647253633,86.25454306602478
864,86.35377872548997,86.3546941280365
865,86.45384126715362,86.45463109016418
866,86.55390348285437,86.5548369884491
867,86.65396569855511,86.65498900413513
868,86.7540279943496,86.75489497184753
869,86.85409045405686,86.85473799705505
870,86.95415270887315,86.95494818687439
871,87.05421512760222,87.05484318733215
872,87.1542774643749,87.15509819984436
873,87.25433968007565,87.25526809692383
874,87.35440193675458,87.35530805587769
875,87.45446443557739,87.45547914505005
876,87.55452669225633,87.55540204048157
877,87.65458890795708,87.65550303459167
878,87.75465116463602,87.75532102584839
879,87.85471366345882,87.85573315620422
880,87.95477591827512,87.95555114746094
881,88.05483813583851,88.05593514442444
882,88.15490042977035,88.15569305419922
883,88.25496288947761,88.2558491230011
884,88.3550251442939,88.35591697692871
885,88.4550873618573,88.45611214637756
886,88.55514989979565,88.55634903907776
887,88.6552121154964,88.65611720085144
888,88.75527437217534,88.75600814819336
889,88.85533658787608,88.85620498657227
890,88.95539912767708,88.95641207695007
891,89.05546134337783,89.05607414245605
892,89.15552363917232,89.15631103515625
893,89.25558610074222,89.25653409957886
894,89.35564835555851,89.35667705535889
895,89.45571081526577,89.45652914047241
896,89.55577286891639,89.55641913414001
897,89.65583532862365,89.65660500526428
898,89.7558975815773,89.75650000572205
899,89.85595979727805,89.85672616958618
900,89.9560223389417,89.95665407180786
901,90.05608455464244,90.05671715736389
902,90.15614685043693,90.15679717063904
903,90.25620902329683,90.25727319717407
904,90.35627136006951,90.35708498954773
905,90.45633378066123,90.45744705200195
906,90.55639607645571,90.5570240020752
907,90.65645853616297,90.65711998939514
908,90.75652079284191,90.75751113891602
909,90.85658329166472,90.85737800598145
910,90.95664554834366,90.95729804039001
911,91.0567077640444,91.05765509605408
912,91.1567700188607,91.1577160358429
913,91.25683223642409,94.07624912261963
914,91.35689453035593,94.08978509902954
915,91.45695674605668,94.10419511795044
916,91.55701928585768,94.11812806129456
917,91.65708174556494,94.13225603103638
918,91.75714395940304,94.14614701271057
919,91.85720621608198,94.16086196899414
920,91.95726851187646,94.17634510993958
921,92.05733097158372,94.19095516204834
922,92.15739322826266,94.20431804656982
923,92.25745544396341,94.21910619735718
924,92.3575177397579,94.23244309425354
925,92.45758019946516,94.24716305732727
926,92.55764249525964,94.26105999946594
927,92.65770471282303,94.27717113494873
928,92.75776721164584,94.29092907905579
929,92.85782942734659,94.30604815483093
930,92.9578919261694,94.31995797157288
931,93.05795418471098,94.33508014678955
932,93.15801643766463,94.34913611412048
933,93.25807865336537,94.36356997489929
934,93.35814115218818,94.37748098373413
935,93.45820341072977,94.39229607582092
936,93.55826570466161,94.40672612190247
937,93.65832787938416,94.42176604270935
938,93.75839017517865,94.43528318405151
939,93.85845263674855,94.45012211799622
940,93.95851493254304,94.4647650718689
941,94.05857714638114,94.47947597503662
942,94.15863964892924,94.49348402023315
943,94.25870263576508,94.50990104675293
944,94.35876416042447,94.5239109992981
945,94.45882661826909,94.53908610343933
946,94.55888887494802,94.55693697929382
947,94.65895108878613,94.65974998474121
948,94.75901338644326,94.75993514060974
949,94.85907584428787,94.8599500656128
950,94.959138141945,94.95989298820496
951,95.0592003557831,95.05999708175659
952,95.15926436334848,95.16004014015198
953,95.2593250721693,95.26027297973633
954,95.35938883386552,95.36035299301147
955,95.45944958366454,95.46014308929443
956,95.55951358936727,95.56056618690491
957,95.65957429818809,95.66041898727417
958,95.75963651388884,95.7606360912323
959,95.85969905368984,95.86054110527039
960,95.95976126939058,95.96062397956848
961,96.05982352420688,96.0609610080719
962,96.15988602675498,96.16074299812317
963,96.25994827970862,96.26071810722351
964,96.36001049540937,96.3590099811554
965,96.46007279120386,96.46106314659119
966,96.56013525277376,96.56119513511658
967,96.66019750759006,96.66128015518188
968,96.7602597232908,96.75841617584229
969,96.86032202094793,96.86146903038025
970,96.9603844806552,96.96128296852112
971,97.06044673547149,97.0613751411438
972,97.16050895117223,97.16124320030212
973,97.26057144999504,97.2616171836853
974,97.36063370853662,97.36138415336609
975,97.46069600246847,97.4616379737854
976,97.56075846403837,97.56161999702454
977,97.66082071885467,97.66182398796082
978,97.76088293455541,97.76174211502075
979,97.86094522848725,97.86181306838989
980,97.96100769005716,97.96178913116455
981,98.06106994487345,98.06182217597961
982,98.1611321605742,98.162180185318
983,98.2611947003752,98.26207709312439
984,98.36125691607594,98.36214900016785
985,98.46131921187043,98.4622540473938
986,98.56138138845563,98.5622501373291
987,98.66144392825663,98.6623010635376
988,98.76150614395738,98.76252102851868
989,98.86156843975186,98.8623411655426
990,98.96163089945912,98.96239805221558
991,99.06169315427542,99.06265616416931
992,99.16175536997616,99.16246104240417
993,99.26181790977716,99.26266503334045
994,99.36188033036888,99.36284613609314
995,99.4619423802942,99.46296811103821
996,99.56200459599495,99.5628650188446
997,99.66206689178944,99.6629250049591
998,99.7621293514967,99.76331901550293
999,99.86219164729118,99.86312198638916
1000,99.96225386485457,99.96316409111023
1001,100.06231636367738,100.06317114830017
1002,100.16237882338464,100.16321015357971
1003,100.26244087517262,100.26339817047119
1004,100.36250333674252,100.36347198486328
1005,100.46256559155881,100.46376609802246
1006,100.56262780725956,100.56378817558289
1007,100.6626901011914,100.66394901275635
1008,100.76275256462395,100.76363897323608
1009,100.8628148585558,100.86372017860413
1010,100.96287707425654,100.96386003494263
1011,101.0629395712167,101.0641360282898
1012,101.16300179064274,101.16404914855957
1013,101.26306408457458,101.26422500610352
1014,101.36312654428184,101.36429119110107
1015,101.46318880096078,101.46411418914795
1016,101.56325101666152,101.5642831325531
1017,101.66331331245601,101.66443419456482
1018,101.76337577216327,101.7644670009613
1019,101.86343806795776,101.86435604095459
1020,101.96350024454296,101.96465516090393
1021,102.06356278434396,102.46907901763916
1022,102.1636250000447,102.48275113105774
1023,102.26368729583919,102.49803709983826
1024,102.36374975554645,102.51210117340088
1025,102.46381201036274,102.52689719200134
1026,102.56387422606349,102.56198120117188
1027,102.66393676586449,102.6650640964508
1028,102.76399898156524,102.76489114761353
1029,102.86406123638153,102.86481809616089
1030,102.96412345208228,102.9649600982666
1031,103.06418574787676,103.06509017944336
1032,103.16424820758402,103.16518306732178
1033,103.26431050337851,103.265132188797
1034,103.3643727209419,103.36518716812134
1035,103.4644349757582,103.4653251171112
1036,103.56449743546546,103.5653760433197
1037,103.66455973125994,103.66520810127258
1038,103.76462219282985,103.7653260231018
1039,103.86468444764614,103.86568117141724
1040,103.9647469073534,103.96601009368896
1041,104.06480895727873,104.06325197219849
1042,104.16487142071128,104.16604614257812
1043,104.26493371464312,104.26592016220093
1044,104.36499593034387,104.36599707603455
1045,104.46505818329751,104.46631598472595
1046,104.56512064486742,104.56618309020996
1047,104.66518294066191,104.66624402999878
1048,104.76524515636265,104.76626801490784
1049,104.86530765518546,104.86647415161133
1050,104.96536987274885,104.96644401550293
1051,105.06543216854334,105.06639003753662
1052,105.1654945872724,105.16677403450012
1053,105.26555692404509,105.26645612716675
1054,105.36561910063028,105.3666570186615
1055,105.46568139642477,105.46692419052124
1056,105.56574385613203,105.56664109230042
1057,105.66580615192652,105.66684317588806
1058,105.76586836762726,105.76679110527039
1059,105.86593062244356,105.86700916290283
1060,105.96599308215082,105.96679401397705
1061,106.0660553779453,106.06701517105103
1062,106.16611783765256,106.16701602935791
1063,106.26618009246886,106.26715898513794
1064,106.3662423081696,106.36708402633667
1065,106.46630435995758,106.46730518341064
1066,106.56636706367135,106.5672070980072
1067,106.66642935946584,106.6674280166626
1068,106.76649157516658,106.7672929763794
1069,106.86655383184552,106.86743712425232
1070,106.96661629155278,106.96766209602356
1071,107.06667858734727,107.06751012802124
1072,107.16674104891717,107.16766500473022
1073,107.26680326275527,107.26765704154968
1074,107.36686551943421,107.36767816543579
1075,107.46692781336606,107.46783804893494
1076,107.56699003092945,107.5678219795227
1077,107.66705257073045,107.66804814338684
1078,107.7671147864312,107.76800513267517
1079,107.86717703938484,107.86804008483887
1080,107.96723950095475,107.9684829711914
1081,108.06730179674923,108.0689640045166
1082,108.16736401244998,108.16832709312439
1083,108.26742626726627,108.26878809928894
1084,108.36748872883618,108.36859107017517
1085,108.46755102463067,108.4687511920929
1086,108.56761324033141,108.56849503517151
1087,108.66767578013241,108.66655802726746
1088,108.76773795671761,108.76886916160583
1089,108.8678002525121,108.86887717247009
1090,108.96786246821284,108.96868300437927
1091,109.06792500801384,109.06892108917236
1092,109.16798722371459,109.16886615753174
1093,109.26804947853088,109.26910400390625
1094,109.36811193823814,109.369145154953
1095,109.46817423403263,109.4692451953888
1096,109.56823644973338,109.56923413276672
1097,109.66829870454967,109.66932916641235
1098,109.76836116425693,109.769198179245
1099,109.86842346005142,109.86950516700745
1100,109.96848567575216,109.96954607963562
1101,110.06854821555316,110.06952714920044
1102,110.16861043125391,110.1696560382843
1103,110.26867268793285,110.26984310150146
1104,110.36873514764011,110.36961507797241
1105,110.4687974434346,110.46957397460938
1106,110.56885965913534,110.5697910785675
1107,110.66892191395164,110.66996312141418
1108,110.76898437552154,110.76998615264893
1109,110.86904666945338,110.87000513076782
1110,110.96910888515413,110.97020316123962
1111,111.06917113997042,111.07021617889404
1112,111.16923359967768,111.17042517662048
1113,111.26929589547217,111.2701940536499
1114,111.36935835517943,111.37044215202332
1115,111.46942065283656,111.47061800956726
1116,111.5694828685373,111.57050204277039
1117,111.6695451233536,111.67062020301819
1118,111.7696075849235,111.77061700820923
1119,111.86966991983354,111.8705780506134
1120,111.96973209641874,111.97077012062073
1121,112.06979435123503,112.07071113586426
1122,112.16985681280494,112.17084217071533
1123,112.26991910859942,112.27111005783081
1124,112.36998132430017,112.37112998962402
1125,112.47004386223853,112.47114109992981
1126,112.57010607980192,112.57112407684326
1127,112.67016833461821,112.67108798027039
1128,112.77023079432547,112.7711570262909
1129,112.87029308825731,112.87122917175293
1130,112.9703553058207,112.97156620025635
1131,113.070417560637,113.07152009010315
1132,113.17048002034426,113.17168712615967
1133,113.27054231613874,113.2716109752655
1134,113.37060453183949,113.36899900436401
1135,113.47066678851843,113.47162008285522
1136,113.57072928734124,113.57192611694336
1137,113.67079154402018,113.67224597930908
1138,113.77085375972092,113.77215719223022
1139,113.87091625854373,113.8721170425415
1140,113.97097851522267,113.97191905975342
1141,114.07104077003896,114.0721001625061
1142,114.17110322974622,114.17208814620972
1143,114.27116552554071,114.27210211753845
1144,114.37122774124146,114.3722231388092
1145,114.47128999605775,114.47235417366028
1146,114.57135245576501,114.57256317138672
1147,114.6714147515595,114.67250299453735
1148,114.77147696726024,114.77244210243225
1149,114.87153922393918,114.87259817123413
1150,114.97160172462463,114.97260308265686
1151,115.07166397944093,115.07264804840088
1152,115.17172619514167,115.17280411720276
1153,115.27178873680532,115.2728111743927
1154,115.37185095250607,115.37268018722534
1155,115.47191320732236,115.47292709350586
1156,115.57197566889226,115.57307720184326
1157,115.67203796468675,115.6732931137085
1158,115.7721001803875,115.7731339931488
1159,115.87216243334115,115.87334418296814
1160,115.97222493588924,115.97351908683777
1161,116.07228718884289,116.07318115234375
1162,116.17234940640628,116.17337417602539
1163,116.27241190336645,116.27355909347534
1164,116.37247416004539,116.37326097488403
1165,116.47253641672432,116.47354817390442
1166,116.57259863242507,116.57368111610413
1167,116.67266117222607,116.67385196685791
1168,116.77272338792682,116.77388119697571
1169,116.87278564460576,116.87395405769348
1170,116.97284814342856,116.97410917282104
1171,117.0729104001075,117.0738570690155
1172,117.17297261580825,117.17385697364807
1173,117.27303487062454,117.27414608001709
1174,117.37309737131,117.37411403656006
1175,117.47315962612629,117.47454404830933
1176,117.57322184182703,117.57432508468628
1177,117.67328438162804,117.67464518547058
1178,117.77334655635059,117.77443504333496
1179,117.87340885214508,117.87456798553467
1180,117.97347131185234,117.97476816177368
1181,118.07353360764682,118.07460904121399
1182,118.17359582334757,118.17458510398865
1183,118.27365836314857,118.2749571800232
1184,118.37372058071196,118.3746280670166
1185,118.47378283552825,118.47474718093872
1186,118.573845051229,118.57483100891113
1187,118.67390730790794,118.6750819683075
1188,118.77396980859339,118.77511310577393
1189,118.87403206340969,118.8750991821289
1190,118.97409448213875,118.97525405883789
1191,119.07415681891143,119.07522416114807
1192,119.17421903647482,119.17527604103088
1193,119.27428128756583,119.27532815933228
1194,119.37434379011393,119.37547707557678
1195,119.47440604493022,119.47544717788696
1196,119.57446826063097,119.57558012008667
1197,119.67453051544726,119.67569518089294
1198,119.77459301613271,119.77557516098022
1199,119.87465527281165,119.87568402290344
1200,119.9747174885124,119.97611713409424
1201,120.07477978430688,120.07567405700684
1202,120.17484224401414,120.17620897293091
1203,120.27490450069308,120.27600312232971
1204,120.37496671639383,120.37628817558289
1205,120.47502925619483,120.47605919837952
1206,120.57509147189558,120.57602906227112
1207,120.67515372671187,120.67637801170349
1208,120.77521594241261,120.7763831615448
1209,120.87527848221362,120.87645196914673
1210,120.97534069791436,120.9765191078186
1211,121.07540299370885,121.07658410072327
1212,121.17546545341611,121.17682313919067
1213,121.2755277082324,121.27643918991089
1214,121.37558992393315,121.37712216377258
1215,121.47565221972764,121.47693300247192
1216,121.57571472227573,121.57670402526855
1217,121.67577693611383,121.6769471168518
1218,121.77583915181458,121.77705812454224
1219,121.87590144760907,121.87705707550049
1220,121.97596390731633,121.97706818580627
1221,122.07602616399527,122.07723808288574
1222,122.17608837969601,122.17722296714783
1223,122.27615091763437,122.27717900276184
1224,122.37621313519776,122.37727117538452
1225,122.4762754291296,122.47719097137451
1226,122.57633764669299,122.57730507850647
1227,122.67640014365315,122.67735600471497
1228,122.77646236121655,122.77766919136047
1229,122.87652465514839,122.87746405601501
1230,122.97658711671829,122.97764801979065
1231,123.07664937153459,123.07781219482422
1232,123.17671158723533,123.17776703834534
1233,123.27677388489246,123.27543020248413
1234,123.37683634459972,123.3752989768982
1235,123.47689864039421,123.47605514526367
1236,123.57696085609496,123.57698202133179
1237,123.67702335678041,123.67810010910034
1238,123.77708557248116,123.77814316749573
1239,123.87714786827564,123.87831211090088
1240,123.97720979712903,123.97828817367554
1241,124.07727233879268,124.07851004600525
1242,124.17733479849994,124.17841410636902
1243,124.27739709429443,124.27728700637817
1244,124.37745955400169,124.37853002548218
1245,124.47752184979618,124.47778701782227
1246,124.57758402451873,124.57881712913513
1247,124.67764632031322,124.67894101142883
1248,124.77770878002048,124.77869701385498
1249,124.87777107581496,124.87893915176392
1250,124.97783329151571,124.97902512550354
1251,125.07789554819465,125.07912516593933
1252,125.1779580079019,125.17900013923645
1253,125.2780203036964,125.27922415733337
1254,125.37808276340365,125.37910413742065
1255,125.47814501821995,125.47942209243774
1256,125.57820723578334,125.57933902740479
1257,125.67826952971518,125.67951917648315
1258,125.77833199128509,125.77954697608948
1259,125.87839428521693,125.87962818145752
1260,125.97845650278032,125.97997117042542
1261,126.07851896062493,126.0798671245575
1262,126.17858121544123,126.17977714538574
1263,126.27864351123571,126.27982902526855
1264,126.3787057287991,126.37996006011963
1265,126.4787679836154,126.48027420043945
1266,126.57883044332266,126.58007717132568
1267,126.67889274097979,126.68029713630676
1268,126.77895495668054,126.7803201675415
1269,126.87901745550334,126.87801313400269
1270,126.97907971218228,126.97808909416199
1271,127.07914196886122,127.07792711257935
1272,127.17920418456197,127.17976713180542
1273,127.27926672436297,127.28053498268127
1274,127.37932894006371,127.3803219795227
1275,127.47939119488001,127.4808521270752
1276,127.57945365458727,127.58088397979736
1277,127.67951595038176,127.68095207214355
1278,127.7795781660825,127.78067803382874
1279,127.8796404208988,127.88081812858582
1280,127.97970288060606,127.98116111755371
1281,128.07976517640054,128.08093810081482
1282,128.1798273921013,128.18104219436646
1283,128.27988964878023,128.28100109100342
1284,128.3799521457404,128.38104009628296
1285,128.48001440428197,128.47956109046936
1286,128.58007661812007,128.58115315437317
1287,128.680138874799,128.6813449859619
1288,128.78020137175918,128.7814531326294
1289,128.88026363030076,128.8815631866455
1290,128.98032608814538,128.98159217834473
1291,129.0803883858025,129.08136200904846
1292,129.18045084364712,129.1818220615387
1293,129.28051310032606,129.2817370891571
1294,129.38057535514235,129.381667137146
1295,129.48063907772303,129.48197102546692
1296,129.58069982752204,129.5818212032318
1297,129.68076383322477,129.68196296691895
1298,129.78082458488643,129.78237104415894
1299,129.8808883037418,129.88215017318726
1300,129.98094905354083,129.98208904266357
1301,130.0810115132481,130.08220505714417
1302,130.18107381090522,130.18231010437012
1303,130.28113602660596,130.28224301338196
1304,130.3811982795596,130.38245916366577
1305,130.48126073926687,130.48254418373108
1306,130.581323036924,130.58340716362
1307,130.68138525262475,130.6826651096344
1308,130.78144750744104,130.7826850414276
1309,130.8815100081265,130.88263297080994
1310,130.98157226480544,130.98291301727295
1311,131.08163448050618,131.08292603492737
1312,131.18169702030718,131.18297219276428
1313,131.28175923600793,131.28309512138367
1314,131.38182149268687,131.38327598571777
1315,131.4818837083876,131.483234167099
1316,131.58194624632597,131.58105206489563
1317,131.68200846388936,131.6811761856079
1318,131.78207071870565,131.78117513656616
1319,131.8821332193911,131.8816111087799
1320,131.98219547234476,131.9813060760498
1321,132.08225768990815,132.08133506774902
1322,132.18231994472444,132.183669090271
1323,132.28238244354725,132.28391313552856
1324,132.3824447002262,132.3839831352234
1325,132.48250691592693,132.483962059021
1326,132.58256921172142,132.58403897285461
1327,132.68263167142868,132.683758020401
1328,132.78269392810762,132.78399801254272
1329,132.88275638781488,132.88447499275208
1330,132.98281868360937,132.98422408103943
1331,133.08288110420108,133.08417510986328
1332,133.1829431541264,133.18436217308044
1333,133.2830056566745,133.28434920310974
1334,133.38306790962815,133.3843560218811
1335,133.4831301253289,133.48448514938354
1336,133.5831926241517,133.5843369960785
1337,133.6832548826933,133.68466019630432
1338,133.78331713564694,133.7844181060791
1339,133.88337935134768,133.88488817214966
1340,133.98344164714217,133.9849350452423
1341,134.08350410871208,134.0849220752716
1342,134.18356636352837,134.1848030090332
1343,134.28362857922912,134.28490614891052
1344,134.38369087688625,134.3851981163025
1345,134.4837533365935,134.48519706726074
1346,134.5838155914098,134.58514618873596
1347,134.6838778089732,134.68533205986023
1348,134.78394010290504,134.7852339744568
1349,134.88400256447494,134.88517212867737
1350,134.98406485840678,134.98518300056458
1351,135.0841273199767,135.08529210090637
1352,135.18418957293034,135.1853370666504
1353,135.28425179049373,135.28549814224243
1354,135.38431408442557,135.3855299949646
1355,135.48437654413283,135.48572611808777
1356,135.58443880081177,135.5856740474701
1357,135.6845010165125,135.68584299087524
1358,135.784563312307,135.78607296943665
1359,135.88462577201426,135.88598012924194
1360,135.98468806780875,135.98599815368652
1361,136.08475024439394,136.4838171005249
1362,136.18481254018843,136.4971251487732
1363,136.2848749998957,136.51180219650269
1364,136.38493729569018,136.5258011817932
1365,136.48499951139092,136.54107809066772
1366,136.58506176620722,136.58352708816528
1367,136.68512422591448,136.6864960193634
1368,136.78518652170897,136.78650403022766
1369,136.8852487374097,136.88671016693115
1370,136.98531123623252,136.9867570400238
1371,137.08537345193326,137.0867350101471
1372,137.18543574772775,137.18683910369873
1373,137.285498207435,137.28695607185364
1374,137.3855605032295,137.3869571685791
1375,137.4856227207929,137.48695516586304
1376,137.5856852196157,137.58687615394592
1377,137.68574743531644,137.68726301193237
1378,137.78580973297358,137.78724813461304
1379,137.88587194867432,137.88710403442383
1380,137.98593420162797,137.98735904693604
1381,138.08599666319788,138.0873420238495
1382,138.18605895712972,138.18755412101746
1383,138.2861211746931,138.28744316101074
1384,138.38618342764676,138.3875560760498
1385,138.48624593019485,138.48763418197632
1386,138.5863081831485,138.58761715888977
1387,138.6863704007119,138.68772101402283
1388,138.7864329405129,138.78774619102478
1389,138.88649515621364,138.8876531124115
1390,138.98655741289258,138.98780417442322
1391,139.08661987259984,139.0878221988678
1392,139.18668216839433,139.18797302246094
1393,139.28674438409507,139.2880880832672
1394,139.386806640774,139.38820815086365
1395,139.48686910048127,139.48853206634521
1396,139.58693139627576,139.58856105804443
1397,139.6869936119765,139.6881000995636
1398,139.7870561517775,139.78833603858948
1399,139.88711836747825,139.8884789943695
1400,139.98718062229455,139.98846697807312
1401,140.0872428379953,140.0883481502533
1402,140.1873053777963,140.18846106529236
1403,140.28736759349704,140.28847312927246
1404,140.38742984831333,140.388601064682
1405,140.48749206401408,140.48860597610474
1406,140.58755460381508,140.588721036911
1407,140.68761681951582,140.6889340877533
1408,140.78767907619476,140.78917717933655
1409,140.88774157688022,140.88923907279968
1410,140.9878038316965,140.98904609680176
1411,141.08786604739726,141.0891420841217
1412,141.18792830221355,141.18927812576294
1413,141.28799080476165,141.2892529964447
1414,141.3880530577153,141.38921904563904
1415,141.48811527341604,141.48933005332947
1416,141.58817756921053,141.58935403823853
1417,141.68824003078043,141.68954706192017
1418,141.78830228373408,141.78943800926208
1419,141.88836478628218,141.88966417312622
1420,141.98842703923583,141.9895691871643
1421,142.08848925679922,142.0896351337433
1422,142.18855151161551,142.18977904319763
1423,142.28861401230097,142.28982520103455
1424,142.3886762689799,142.38987708091736
1425,142.48873872868717,142.49033617973328
1426,142.58880078047514,142.59016299247742
1427,142.6888632401824,142.69025707244873
1428,142.78892549686134,142.79017615318298
1429,142.88898771256208,142.89021396636963
1430,142.98905000835657,142.99045705795288
1431,143.08911246806383,143.0902750492096
1432,143.18917472288013,143.19042205810547
1433,143.28923693858087,143.29046416282654
1434,143.38929947838187,143.389142036438
1435,143.48936169408262,143.49074006080627
1436,143.5894239488989,143.5907220840454
1437,143.68948616459966,143.69091606140137
1438,143.78954870440066,143.7907199859619
1439,143.8896109201014,143.89089107513428
1440,143.9896732158959,143.99117398262024
1441,144.08973567560315,144.09117603302002
1442,144.1897979322821,144.19108510017395
1443,144.28986014798284,144.29124903678894
1444,144.38992244377732,144.39120602607727
1445,144.48998490348458,144.4911870956421
1446,144.59004715830088,144.5913610458374
1447,144.69010937586427,144.6914780139923
1448,144.7901716697961,144.79135012626648
1449,144.89023412950337,144.89162302017212
1450,144.99029642529786,144.9917390346527
1451,145.09035888686776,145.08908319473267
1452,145.1904211398214,145.1894280910492
1453,145.29048335552216,145.2918701171875
1454,145.39054565131664,145.39179611206055
1455,145.49060811288655,145.49134802818298
1456,145.5906703285873,145.59201502799988
1457,145.6907325834036,145.69220113754272
1458,145.79079487919807,145.79211902618408
1459,145.89085734076798,145.89221715927124
1460,145.99091959558427,145.99201107025146
1461,146.09098181128502,146.09230518341064
1462,146.19104435294867,146.19338011741638
1463,146.2911065686494,146.29811906814575
1464,146.39116886258125,146.40245699882507
1465,146.49123132415116,146.50674104690552
1466,146.59129357896745,146.6113760471344
1467,146.6913557946682,146.71581602096558
1468,146.79141808860004,146.82019901275635
1469,146.89148055016994,146.92454504966736
1470,146.99154280498624,147.02916812896729
1471,147.09160502068698,147.13375401496887
1472,147.19166731648147,147.23781418800354
1473,147.29172977618873,147.34165811538696
1474,147.39179207198322,147.4456000328064
1475,147.49185428768396,147.54966402053833
1476,147.5919165443629,147.6534299850464
1477,147.69197900407016,147.75783610343933
1478,147.79204129986465,147.86181497573853
1479,147.8921035155654,147.9654049873352
1480,147.9921660143882,148.0693850517273
1481,148.09222823008895,148.17354106903076
1482,148.19229052588344,148.27666211128235
1483,148.2923529855907,148.37965297698975
1484,148.39241528138518,148.48354506492615
1485,148.49247745610774,148.5870020389557
1486,148.59253975190222,148.69065618515015
1487,148.69260221160948,148.79415011405945
1488,148.79266450740397,148.8976550102234
1489,148.89272672496736,149.00082802772522
1490,148.99278897978365,149.1041190624237
1491,149.09285168349743,149.20754718780518
1492,149.1929137352854,149.3106551170349
1493,149.2929759528488,149.4137179851532
1494,149.3930382076651,149.51659512519836
1495,149.49310066737235,149.61955618858337
1496,149.59316296316683,149.72278499603271
1497,149.69322542473674,149.82571601867676
1498,149.79328771866858,149.92880702018738
1499,149.89334993623197,150.03173112869263
1500,149.99341218732297,150.13490200042725
1501,150.09347465075552,150.23755407333374
1502,150.19353694468737,150.34020018577576
1503,150.2935991603881,150.44288206100464
1504,150.3936614152044,150.54547810554504
1505,150.4937238767743,150.64836597442627
1506,150.5937861725688,150.75098419189453
1507,150.69384863227606,150.85364699363708
1508,150.79391064494848,150.9563980102539
1509,150.8939731437713,151.05895113945007
1510,150.99403540045023,151.16165208816528
1511,151.09409761615098,154.1518361568451
1512,151.19416015595198,154.17789101600647
1513,151.29422237165272,154.1929440498352
1514,151.39428462646902,154.20661401748657
1515,151.49434708617628,154.2214651107788
1516,151.59440938197076,154.23527812957764
1517,151.6944715976715,154.25044107437134
1518,151.7945338524878,154.26505517959595
1519,151.89459631219506,154.28004097938538
1520,151.99465860798955,154.29589819908142
1521,152.0947208236903,154.31126403808594
1522,152.19478308036923,154.32586312294006
1523,152.29484557919204,154.3403251171112
1524,152.39490783587098,154.35450911521912
1525,152.49497005157173,154.3694531917572
1526,152.59503259137273,154.38391017913818
1527,152.69509480893612,154.39820003509521
1528,152.7951570637524,154.41234517097473
1529,152.89521952345967,154.42754316329956
1530,152.99528181739151,154.44333910942078
1531,153.09534403681755,154.45815014839172
1532,153.19540628790855,154.4731481075287
1533,153.29546879045665,154.48839402198792
1534,153.3955310434103,154.50314617156982
1535,153.4955932609737,154.51811504364014
1536,153.5956558007747,154.53282618522644
1537,153.69571801647544,154.54772019386292
1538,153.79578027129173,154.5637490749359
1539,153.89584248885512,154.57860708236694
1540,153.9959047846496,154.59282207489014
1541,154.09596724435687,154.60815501213074
1542,154.19602949917316,154.6229109764099
1543,154.29609171673656,154.63818311691284
1544,154.39615425653756,154.65227007865906
1545,154.4962164722383,154.73189902305603
1546,154.59627872519195,154.83337306976318
1547,154.69634122774005,154.93504810333252
1548,154.79640348255634,155.03669214248657
1549,154.8964656982571,155.13828301429749
1550,154.99652799405158,155.2399241924286
1551,155.09659045375884,155.341224193573
1552,155.19665270857513,155.44277620315552
1553,155.2967151682824,155.54407119750977
1554,155.39677722007036,155.64552807807922
1555,155.49683967977762,155.74675703048706
1556,155.59690193645656,155.84837198257446
1557,155.6969641521573,155.94981718063354
1558,155.7970266919583,156.05113101005554
1559,155.89708890765905,156.15281701087952
1560,155.997151164338,156.25390219688416
1561,156.0972136631608,156.35546803474426
1562,156.1972759179771,156.45663404464722
1563,156.29733813554049,156.55752396583557
1564,156.39740042947233,156.65885400772095
1565,156.4974628891796,156.76043701171875
1566,156.59752510488033,156.86154103279114
1567,156.69758736155927,156.96282315254211
1568,156.7976496554911,157.06403708457947
1569,156.89771211519837,157.16520309448242
1570,156.9977743718773,157.26650714874268
1571,157.09783658757806,157.36764812469482
1572,157.19789912737906,157.46878099441528
1573,157.29796134494245,157.57003116607666
1574,157.39802364073694,157.67112398147583
1575,157.4980861004442,157.77186703681946
1576,157.5981483552605,157.87315607070923
1577,157.69821057282388,157.97418999671936
1578,157.79827286861837,158.0751621723175
1579,157.89833532832563,158.17655301094055
1580,157.99839758127928,158.27717113494873
1581,158.09846008382738,158.37817406654358
1582,158.19852209463716,158.47937107086182
1583,158.29858455434442,158.58034801483154
1584,158.39864656329155,158.6811101436615
1585,158.49870930984616,158.78233313560486
1586,158.59877156466246,158.88326907157898
1587,158.6988337803632,158.98413610458374
1588,158.7988960761577,159.085205078125
1589,158.89895853586495,159.186105966568
1590,158.9990207925439,159.28741097450256
1591,159.09908300824463,159.38793516159058
1592,159.19914530403912,159.48887705802917
1593,159.29920776374638,159.58991312980652
1594,159.39927001856267,159.69057202339172
1595,159.49933223612607,159.79163813591003
1596,159.59939477406442,159.89252018928528
1597,159.6994569916278,159.99319505691528
1598,159.79951928555965,160.09428215026855
1599,159.89958174526691,160.19514918327332
1600,159.9996440000832,160.2957890033722
1601,160.09970621578395,160.39681911468506
1602,160.19976851157844,160.4973599910736
1603,160.2998309712857,160.59809398651123
1604,160.39989322796464,160.6989860534668
1605,160.4999556876719,160.79978799819946
1606,160.60001773945987,160.90051102638245
1607,160.70008019916713,161.00133204460144
1608,160.80014249682426,161.1019630432129
1609,160.900204712525,161.20286512374878
1610,161.00026721134782,161.3036551475525
1611,161.1003294289112,161.40407514572144
1612,161.2003917247057,161.50497603416443
1613,161.30045418441296,161.60586714744568
1614,161.4005164373666,161.70642518997192
1615,161.5005788989365,161.80708599090576
1616,161.60064095072448,161.90759110450745
1617,161.70070341043174,162.00850009918213
1618,161.80076570436358,162.1090190410614
1619,161.9008281249553,162.2097520828247
1620,162.00089017674327,162.31070804595947
1621,162.10095263645053,162.4111671447754
1622,162.20101493224502,162.51156616210938
1623,162.30107714608312,162.61231017112732
1624,162.4011394046247,162.71280908584595
1625,162.50120186246932,162.81355810165405
1626,162.60126416012645,162.9141721725464
1627,162.70132661797106,163.01474714279175
1628,162.80138887465,163.11542797088623
1629,162.9014510884881,163.21411204338074
1630,163.00151338614523,163.3141520023346
1631,163.10157584398985,163.41724705696106
1632,163.20163814164698,163.51813006401062
1633,163.3017005994916,163.6182770729065
1634,163.4017643649131,163.71792316436768
1635,163.50182507187128,163.81943702697754
1636,163.6018888335675,163.9203200340271
1637,163.7019495833665,164.02064609527588
1638,163.8020135909319,164.12107110023499
1639,163.90207429789007,164.22184109687805
1640,164.0021365135908,164.3221311569214
1641,164.1021988093853,164.42257118225098
1642,164.2022612709552,164.52331113815308
1643,164.30232352390885,164.62368416786194
1644,164.4023857396096,164.7242350578308
1645,164.5024482794106,164.82461500167847
1646,164.602510496974,164.92512106895447
1647,164.70257279276848,165.02570700645447
1648,164.80263525247574,165.1261911392212
1649,164.90269750729203,165.22657108306885
1650,165.00275972485542,165.32730507850647
1651,165.1028220206499,165.4276111125946
1652,165.20288448035717,165.52812314033508
1653,165.30294673517346,165.62847113609314
1654,165.40300895273685,165.72890901565552
1655,165.50307149253786,165.82939505577087
1656,165.6031337082386,165.92981719970703
1657,165.70319600217044,166.03039598464966
1658,165.80325846374035,166.13077998161316
1659,165.90332071855664,166.23107719421387
1660,166.0033829342574,166.33184003829956
1661,166.10344522818923,166.4322590827942
1662,166.20350764878094,166.53294897079468
1663,166.30356994457543,166.63298201560974
1664,166.40363244339824,166.73344206809998
1665,166.50369445607066,166.83393001556396
1666,166.60375691577792,166.93408107757568
1667,166.7038192115724,167.03432703018188
1668,166.8038813881576,167.13506507873535
1669,166.9039436839521,167.2352499961853
1670,167.00400614365935,167.33599209785461
1671,167.10406843945384,167.43602013587952
1672,167.2041306551546,167.5365810394287
1673,167.3041931539774,167.63688802719116
1674,167.40425536967814,167.73732614517212
1675,167.50431766547263,167.8370041847229
1676,167.6043801251799,167.93790006637573
1677,167.70444237999618,168.0383529663086
1678,167.80450459569693,168.13884615898132
1679,167.9045668914914,168.23908519744873
1680,168.00462935119867,168.33938598632812
1681,168.1046916488558,168.43985509872437
1682,168.20475386455655,168.54039907455444
1683,168.30481611937284,168.64038610458374
1684,168.40487858094275,168.7409360408783
1685,168.50494087673724,168.84127616882324
1686,168.60500309243798,168.94134306907654
1687,168.7050655912608,169.0418679714203
1688,168.80512780882418,169.1421890258789
1689,168.90519010275602,169.24264001846313
1690,169.00525256432593,169.34273099899292
1691,169.10531485825777,169.4430229663849
1692,169.20537707395852,169.54355597496033
1693,169.30543957278132,169.64369797706604
1694,169.40550179034472,169.74445009231567
1695,169.50556408427656,169.8442530632019
1696,169.60562654398382,169.94459509849548
1697,169.70568880066276,170.04528498649597
1698,169.8057510163635,170.14533305168152
1699,169.905813312158,170.24583315849304
1700,170.00587577186525,170.34612798690796
1701,170.10593806765974,170.84157514572144
1702,170.20600024424493,170.8555781841278
1703,170.30606254003942,170.87104105949402
1704,170.40612499974668,170.88520002365112
1705,170.50618729554117,170.90110111236572
1706,170.6062495112419,170.9461030960083
1707,170.70631180889904,171.0479860305786
1708,170.80637422576547,171.14805912971497
1709,170.90643652155995,171.24904417991638
1710,171.0064987372607,171.34881401062012
1711,171.1065612360835,171.44916105270386
1712,171.20662345178425,171.54922103881836
1713,171.30668574757874,171.64965415000916
1714,171.40674796327949,171.74968314170837
1715,171.50681050494313,171.85055899620056
1716,171.60687272064388,171.95065808296204
1717,171.70693518035114,172.05081915855408
1718,171.80699743516743,172.15105605125427
1719,171.90705969184637,172.2484359741211
1720,172.0071219485253,172.35146713256836
1721,172.10718444734812,172.45176219940186
1722,172.2072466649115,172.55221700668335
1723,172.30730895884335,172.65233612060547
1724,172.4073711745441,172.75237798690796
1725,172.5074337143451,172.8506510257721
1726,172.60749593004584,172.9530041217804
1727,172.70755818486214,173.0532410144806
1728,172.8076206445694,173.1532700061798
1729,172.90768294036388,173.25363397598267
1730,173.00774515606463,173.35406517982483
1731,173.10780741274357,173.4545121192932
1732,173.20786987245083,173.55457615852356
1733,173.30793216824532,173.65452003479004
1734,173.40799438394606,173.7550971508026
1735,173.508056640625,173.8551971912384
1736,173.60811910033226,173.95537400245667
1737,173.70818139612675,174.05542302131653
1738,173.8082436118275,174.15572810173035
1739,173.9083061516285,174.25583505630493
1740,174.00836836732924,174.35631799697876
1741,174.10843062214553,174.45662212371826
1742,174.2084930408746,174.55665516853333
1743,174.30855537764728,174.65666818618774
1744,174.40861759334803,174.75699019432068
1745,174.50867984816432,174.85721015930176
1746,174.60874230787158,174.95719408988953
1747,174.70880460366607,175.05757403373718
1748,174.80886706337333,175.15855407714844
1749,174.90892907604575,175.25823616981506
1750,175.0089915767312,175.35830307006836
1751,175.1090538315475,175.45840215682983
1752,175.20911604724824,175.55932712554932
1753,175.30917830206454,175.65922808647156
1754,175.40924080461264,175.7593879699707
1755,175.50930305756629,175.85941910743713
1756,175.6093655191362,175.96060514450073
1757,175.70942781493068,176.05966520309448
1758,175.80949003063142,176.16009497642517
1759,175.90955228358507,176.26030015945435
1760,176.00961478613317,176.36027216911316
1761,176.10967704094946,176.4606339931488
1762,176.2097392566502,176.56083011627197
1763,176.3098015114665,176.66085004806519
1764,176.40986401215196,176.76120710372925
1765,176.5099262688309,176.8612470626831
1766,176.60998848453164,176.9613540172577
1767,176.71005102433264,177.0616271495819
1768,176.8101132400334,177.16209411621094
1769,176.91017549671233,177.26194310188293
1770,177.0102379564196,177.36215209960938
1771,177.11030025221407,177.4623110294342
1772,177.21036246791482,177.56263518333435
1773,177.3104247227311,177.6626260280609
1774,177.41048722341657,177.76285600662231
1775,177.51054947823286,177.86302709579468
1776,177.6106116939336,177.96318006515503
1777,177.7106739487499,178.06336903572083
1778,177.81073644943535,178.1636312007904
1779,177.91079870425165,178.26378917694092
1780,178.0108609609306,178.36390900611877
1781,178.1109234597534,178.4644730091095
1782,178.21098567545414,178.56449604034424
1783,178.31104793213308,178.664626121521
1784,178.41111043281853,178.76465702056885
1785,178.51117268763483,178.8648111820221
1786,178.61123490333557,178.96490502357483
1787,178.71129715815187,179.06530809402466
1788,178.81135966069996,179.1654531955719
1789,178.9114219136536,179.2657721042633
1790,179.01148412935436,179.36583614349365
1791,179.11154666915536,179.46566915512085
1792,179.21160888671875,179.56615614891052
1793,179.3116711396724,179.6662302017212
1794,179.41173359937966,179.76625108718872
1795,179.5117958560586,179.86654806137085
1796,179.61185811273754,179.96671199798584
